Martix no.,# Components,# Tests,# Diagnoses,Weighted Precision,Weighted Recall,Wasted Effort,Runtime(ms),Diagnoses
0,5740,620,37,5.050520202020204e-19,3.3670134680134694e-19,22,0.06415009498596191,"[((4529,), 1.0), ((1359, 1831), 1.0101010101010105e-18), ((2007, 1831), 1.0101010101010105e-18), ((5584, 1359), 1.0101010101010103e-24), ((5584, 2007), 1.0101010101010103e-24), ((1927, 1831), 1.0101010101010118e-88), ((3497, 1831), 1.0101010101010118e-88), ((3950, 1831), 1.0101010101010118e-88), ((2415, 1831), 1.0101010101010118e-88), ((5425, 1831), 1.0101010101010118e-88), ((3559, 1831), 1.010101010101012e-92), ((5584, 1927), 1.0101010101010121e-94), ((5584, 3497), 1.0101010101010121e-94), ((5584, 3950), 1.0101010101010121e-94), ((5584, 2415), 1.0101010101010121e-94), ((5584, 5425), 1.0101010101010121e-94), ((5584, 3559), 1.010101010101012e-98), ((473, 1831), 1.0101010101010118e-102), ((4696, 1831), 1.0101010101010118e-102), ((5584, 4696), 1.010101010101012e-108), ((5584, 473), 1.010101010101012e-108), ((86, 1831), 1.0101010101010132e-228), ((4447, 1831), 1.0101010101010132e-228), ((5685, 1831), 1.0101010101010132e-232), ((153, 1831), 1.0101010101010132e-232), ((5584, 86), 1.0101010101010136e-234), ((5584, 4447), 1.0101010101010136e-234), ((5584, 153), 1.0101010101010137e-238), ((5584, 5685), 1.0101010101010137e-238), ((1473,), 0.0), ((2820,), 0.0), ((5584, 778), 0.0), ((5584, 4899), 0.0), ((5584, 3366), 0.0), ((4899, 1831), 0.0), ((3366, 1831), 0.0), ((778, 1831), 0.0)]"
1,6674,902,503,0.5,0.5,1,1.6108591556549072,"[((2350,), 0.5), ((4079,), 0.5), ((820,), 1.9800000000400465e-282), ((4099,), 1.3217858644675844e-292), ((5187,), 1.3217858644675844e-292), ((3803,), 1.3217858644675844e-292), ((1024,), 0.0), ((3073,), 0.0), ((6146,), 0.0), ((2052,), 0.0), ((5,), 0.0), ((6147,), 0.0), ((6151,), 0.0), ((9,), 0.0), ((2058,), 0.0), ((5134,), 0.0), ((5135,), 0.0), ((6162,), 0.0), ((19,), 0.0), ((5142,), 0.0), ((4120,), 0.0), ((1049,), 0.0), ((5149,), 0.0), ((6175,), 0.0), ((1055,), 0.0), ((3104,), 0.0), ((5152,), 0.0), ((2083,), 0.0), ((3107,), 0.0), ((38,), 0.0), ((6182,), 0.0), ((5159,), 0.0), ((2092,), 0.0), ((4141,), 0.0), ((46,), 0.0), ((5167,), 0.0), ((1073,), 0.0), ((2098,), 0.0), ((1082,), 0.0), ((5179,), 0.0), ((1085,), 0.0), ((2112,), 0.0), ((1089,), 0.0), ((2116,), 0.0), ((69,), 0.0), ((2118,), 0.0), ((4165,), 0.0), ((2120,), 0.0), ((6215,), 0.0), ((74,), 0.0), ((4171,), 0.0), ((6219,), 0.0), ((3141,), 0.0), ((3142,), 0.0), ((3143,), 0.0), ((1096,), 0.0), ((4177,), 0.0), ((1099,), 0.0), ((3154,), 0.0), ((3156,), 0.0), ((86,), 0.0), ((1115,), 0.0), ((6238,), 0.0), ((4192,), 0.0), ((2149,), 0.0), ((2151,), 0.0), ((107,), 0.0), ((6251,), 0.0), ((1131,), 0.0), ((5227,), 0.0), ((1134,), 0.0), ((3182,), 0.0), ((5234,), 0.0), ((1141,), 0.0), ((118,), 0.0), ((5238,), 0.0), ((2175,), 0.0), ((5250,), 0.0), ((4228,), 0.0), ((5253,), 0.0), ((134,), 0.0), ((2182,), 0.0), ((4230,), 0.0), ((3206,), 0.0), ((4234,), 0.0), ((4236,), 0.0), ((2190,), 0.0), ((143,), 0.0), ((1166,), 0.0), ((3215,), 0.0), ((147,), 0.0), ((5268,), 0.0), ((2197,), 0.0), ((2198,), 0.0), ((6293,), 0.0), ((6296,), 0.0), ((5270,), 0.0), ((3224,), 0.0), ((156,), 0.0), ((5277,), 0.0), ((3231,), 0.0), ((5284,), 0.0), ((170,), 0.0), ((6314,), 0.0), ((4271,), 0.0), ((179,), 0.0), ((4275,), 0.0), ((1206,), 0.0), ((2233,), 0.0), ((6333,), 0.0), ((1214,), 0.0), ((1215,), 0.0), ((4289,), 0.0), ((4291,), 0.0), ((6343,), 0.0), ((6346,), 0.0), ((5322,), 0.0), ((3276,), 0.0), ((6351,), 0.0), ((2256,), 0.0), ((4304,), 0.0), ((5331,), 0.0), ((6357,), 0.0), ((4312,), 0.0), ((2266,), 0.0), ((3291,), 0.0), ((1249,), 0.0), ((6370,), 0.0), ((2275,), 0.0), ((4328,), 0.0), ((6376,), 0.0), ((5353,), 0.0), ((4333,), 0.0), ((2289,), 0.0), ((3318,), 0.0), ((247,), 0.0), ((3320,), 0.0), ((3323,), 0.0), ((2301,), 0.0), ((254,), 0.0), ((2302,), 0.0), ((6399,), 0.0), ((1285,), 0.0), ((6407,), 0.0), ((3335,), 0.0), ((2316,), 0.0), ((275,), 0.0), ((1299,), 0.0), ((3348,), 0.0), ((4374,), 0.0), ((5398,), 0.0), ((2328,), 0.0), ((1303,), 0.0), ((287,), 0.0), ((1311,), 0.0), ((4385,), 0.0), ((1313,), 0.0), ((3363,), 0.0), ((5417,), 0.0), ((2346,), 0.0), ((300,), 0.0), ((4399,), 0.0), ((5426,), 0.0), ((5428,), 0.0), ((6457,), 0.0), ((3391,), 0.0), ((321,), 0.0), ((2370,), 0.0), ((3393,), 0.0), ((5443,), 0.0), ((328,), 0.0), ((6473,), 0.0), ((3409,), 0.0), ((2386,), 0.0), ((2387,), 0.0), ((6485,), 0.0), ((1367,), 0.0), ((2396,), 0.0), ((1373,), 0.0), ((3424,), 0.0), ((2403,), 0.0), ((5480,), 0.0), ((1385,), 0.0), ((363,), 0.0), ((2413,), 0.0), ((6512,), 0.0), ((370,), 0.0), ((375,), 0.0), ((377,), 0.0), ((378,), 0.0), ((1406,), 0.0), ((5504,), 0.0), ((1411,), 0.0), ((5507,), 0.0), ((4485,), 0.0), ((6536,), 0.0), ((5515,), 0.0), ((1420,), 0.0), ((3470,), 0.0), ((2451,), 0.0), ((2452,), 0.0), ((6553,), 0.0), ((5531,), 0.0), ((1436,), 0.0), ((5534,), 0.0), ((415,), 0.0), ((5535,), 0.0), ((4513,), 0.0), ((2466,), 0.0), ((419,), 0.0), ((4514,), 0.0), ((4517,), 0.0), ((3498,), 0.0), ((1452,), 0.0), ((5549,), 0.0), ((3502,), 0.0), ((2479,), 0.0), ((2480,), 0.0), ((4527,), 0.0), ((5550,), 0.0), ((435,), 0.0), ((1461,), 0.0), ((439,), 0.0), ((3511,), 0.0), ((6585,), 0.0), ((5559,), 0.0), ((4540,), 0.0), ((6589,), 0.0), ((5565,), 0.0), ((2495,), 0.0), ((3518,), 0.0), ((6595,), 0.0), ((5571,), 0.0), ((453,), 0.0), ((2509,), 0.0), ((4557,), 0.0), ((5581,), 0.0), ((3537,), 0.0), ((469,), 0.0), ((3548,), 0.0), ((6621,), 0.0), ((478,), 0.0), ((479,), 0.0), ((3550,), 0.0), ((1504,), 0.0), ((482,), 0.0), ((2530,), 0.0), ((484,), 0.0), ((485,), 0.0), ((5601,), 0.0), ((4583,), 0.0), ((3559,), 0.0), ((6635,), 0.0), ((493,), 0.0), ((6637,), 0.0), ((3566,), 0.0), ((5614,), 0.0), ((4593,), 0.0), ((2547,), 0.0), ((4595,), 0.0), ((5619,), 0.0), ((1526,), 0.0), ((1530,), 0.0), ((5628,), 0.0), ((2558,), 0.0), ((6656,), 0.0), ((4609,), 0.0), ((5632,), 0.0), ((516,), 0.0), ((517,), 0.0), ((6660,), 0.0), ((5637,), 0.0), ((6667,), 0.0), ((1550,), 0.0), ((5648,), 0.0), ((4625,), 0.0), ((1557,), 0.0), ((4632,), 0.0), ((5657,), 0.0), ((3610,), 0.0), ((1563,), 0.0), ((5669,), 0.0), ((1576,), 0.0), ((2607,), 0.0), ((4662,), 0.0), ((1590,), 0.0), ((570,), 0.0), ((4672,), 0.0), ((2625,), 0.0), ((3650,), 0.0), ((5700,), 0.0), ((5702,), 0.0), ((2633,), 0.0), ((4682,), 0.0), ((4683,), 0.0), ((2636,), 0.0), ((5708,), 0.0), ((4687,), 0.0), ((5711,), 0.0), ((2645,), 0.0), ((5719,), 0.0), ((3673,), 0.0), ((614,), 0.0), ((5737,), 0.0), ((622,), 0.0), ((4718,), 0.0), ((5742,), 0.0), ((1648,), 0.0), ((2675,), 0.0), ((5751,), 0.0), ((634,), 0.0), ((635,), 0.0), ((1661,), 0.0), ((2686,), 0.0), ((1662,), 0.0), ((4741,), 0.0), ((3717,), 0.0), ((3720,), 0.0), ((3722,), 0.0), ((660,), 0.0), ((4756,), 0.0), ((4757,), 0.0), ((3733,), 0.0), ((2712,), 0.0), ((5785,), 0.0), ((3738,), 0.0), ((667,), 0.0), ((669,), 0.0), ((5789,), 0.0), ((3746,), 0.0), ((4773,), 0.0), ((2726,), 0.0), ((4775,), 0.0), ((1702,), 0.0), ((5799,), 0.0), ((2730,), 0.0), ((3752,), 0.0), ((4780,), 0.0), ((2733,), 0.0), ((5802,), 0.0), ((3760,), 0.0), ((3761,), 0.0), ((692,), 0.0), ((693,), 0.0), ((3768,), 0.0), ((5816,), 0.0), ((4794,), 0.0), ((1724,), 0.0), ((2750,), 0.0), ((703,), 0.0), ((3775,), 0.0), ((5825,), 0.0), ((3787,), 0.0), ((717,), 0.0), ((718,), 0.0), ((2765,), 0.0), ((3790,), 0.0), ((722,), 0.0), ((5844,), 0.0), ((727,), 0.0), ((1752,), 0.0), ((4825,), 0.0), ((5850,), 0.0), ((4827,), 0.0), ((4828,), 0.0), ((5855,), 0.0), ((5857,), 0.0), ((1763,), 0.0), ((3811,), 0.0), ((2790,), 0.0), ((4843,), 0.0), ((4844,), 0.0), ((2797,), 0.0), ((4845,), 0.0), ((3820,), 0.0), ((4848,), 0.0), ((1775,), 0.0), ((2810,), 0.0), ((5886,), 0.0), ((2815,), 0.0), ((1792,), 0.0), ((770,), 0.0), ((2821,), 0.0), ((775,), 0.0), ((777,), 0.0), ((4877,), 0.0), ((2831,), 0.0), ((5906,), 0.0), ((3859,), 0.0), ((5910,), 0.0), ((2839,), 0.0), ((2841,), 0.0), ((4889,), 0.0), ((4890,), 0.0), ((2844,), 0.0), ((5914,), 0.0), ((1821,), 0.0), ((3870,), 0.0), ((3876,), 0.0), ((1830,), 0.0), ((1832,), 0.0), ((3881,), 0.0), ((5931,), 0.0), ((4909,), 0.0), ((3894,), 0.0), ((2871,), 0.0), ((1849,), 0.0), ((1850,), 0.0), ((4923,), 0.0), ((829,), 0.0), ((3903,), 0.0), ((3904,), 0.0), ((3905,), 0.0), ((4934,), 0.0), ((2887,), 0.0), ((840,), 0.0), ((842,), 0.0), ((3918,), 0.0), ((2902,), 0.0), ((859,), 0.0), ((5984,), 0.0), ((1889,), 0.0), ((3939,), 0.0), ((4964,), 0.0), ((870,), 0.0), ((3944,), 0.0), ((1898,), 0.0), ((1899,), 0.0), ((2925,), 0.0), ((4976,), 0.0), ((1907,), 0.0), ((1908,), 0.0), ((6005,), 0.0), ((2934,), 0.0), ((2937,), 0.0), ((1916,), 0.0), ((4993,), 0.0), ((4995,), 0.0), ((3971,), 0.0), ((6021,), 0.0), ((4998,), 0.0), ((4999,), 0.0), ((6024,), 0.0), ((905,), 0.0), ((3977,), 0.0), ((1930,), 0.0), ((2956,), 0.0), ((911,), 0.0), ((1936,), 0.0), ((916,), 0.0), ((1941,), 0.0), ((2970,), 0.0), ((1947,), 0.0), ((6043,), 0.0), ((6047,), 0.0), ((5028,), 0.0), ((6052,), 0.0), ((934,), 0.0), ((2983,), 0.0), ((5030,), 0.0), ((938,), 0.0), ((4011,), 0.0), ((4012,), 0.0), ((2989,), 0.0), ((6066,), 0.0), ((5043,), 0.0), ((5044,), 0.0), ((5046,), 0.0), ((4022,), 0.0), ((4025,), 0.0), ((3002,), 0.0), ((3007,), 0.0), ((962,), 0.0), ((964,), 0.0), ((965,), 0.0), ((3014,), 0.0), ((3017,), 0.0), ((970,), 0.0), ((6095,), 0.0), ((4050,), 0.0), ((6100,), 0.0), ((2005,), 0.0), ((4053,), 0.0), ((5079,), 0.0), ((6102,), 0.0), ((3033,), 0.0), ((6107,), 0.0), ((5085,), 0.0), ((2015,), 0.0), ((3045,), 0.0), ((5094,), 0.0), ((5102,), 0.0), ((2032,), 0.0), ((5106,), 0.0), ((1011,), 0.0), ((2034,), 0.0), ((3061,), 0.0), ((6131,), 0.0), ((3063,), 0.0), ((6140,), 0.0), ((5117,), 0.0), ((1022,), 0.0), ((1023,), 0.0)]"
2,5285,912,456,0.18672501172231973,0.18672501172231973,4,1.162714958190918,"[((5229,), 0.18672501172231973), ((572,), 0.18672501172231973), ((850,), 0.18672501172231973), ((4995,), 0.18672501172231973), ((1925,), 0.18672501172231973), ((1143,), 0.046681277460218794), ((1271,), 0.01969366392818256), ((2956,), 1.848578587424665e-29), ((3141,), 1.8485785874246654e-47), ((4811,), 1.8485785874246658e-53), ((2040,), 1.848578587424666e-65), ((3724,), 1.8485785874246668e-153), ((2334,), 1.8485785874246684e-245), ((0,), 0.0), ((4097,), 0.0), ((5121,), 0.0), ((3082,), 0.0), ((5130,), 0.0), ((15,), 0.0), ((2064,), 0.0), ((5135,), 0.0), ((1040,), 0.0), ((2067,), 0.0), ((1041,), 0.0), ((4122,), 0.0), ((2077,), 0.0), ((30,), 0.0), ((3102,), 0.0), ((33,), 0.0), ((2082,), 0.0), ((1062,), 0.0), ((3116,), 0.0), ((4142,), 0.0), ((5168,), 0.0), ((2098,), 0.0), ((52,), 0.0), ((4149,), 0.0), ((5177,), 0.0), ((4154,), 0.0), ((4155,), 0.0), ((3136,), 0.0), ((2116,), 0.0), ((3143,), 0.0), ((1096,), 0.0), ((4169,), 0.0), ((2125,), 0.0), ((3150,), 0.0), ((3151,), 0.0), ((5208,), 0.0), ((91,), 0.0), ((1116,), 0.0), ((3165,), 0.0), ((2142,), 0.0), ((5215,), 0.0), ((4193,), 0.0), ((2146,), 0.0), ((1123,), 0.0), ((3172,), 0.0), ((2149,), 0.0), ((5223,), 0.0), ((3176,), 0.0), ((4203,), 0.0), ((1132,), 0.0), ((4207,), 0.0), ((3183,), 0.0), ((2161,), 0.0), ((5239,), 0.0), ((131,), 0.0), ((4228,), 0.0), ((5262,), 0.0), ((4239,), 0.0), ((1169,), 0.0), ((2194,), 0.0), ((3218,), 0.0), ((148,), 0.0), ((3219,), 0.0), ((1175,), 0.0), ((2201,), 0.0), ((3226,), 0.0), ((2203,), 0.0), ((156,), 0.0), ((4252,), 0.0), ((158,), 0.0), ((2207,), 0.0), ((1183,), 0.0), ((5281,), 0.0), ((4258,), 0.0), ((163,), 0.0), ((164,), 0.0), ((5284,), 0.0), ((2218,), 0.0), ((171,), 0.0), ((2219,), 0.0), ((178,), 0.0), ((179,), 0.0), ((4275,), 0.0), ((1204,), 0.0), ((182,), 0.0), ((1209,), 0.0), ((2234,), 0.0), ((4285,), 0.0), ((2238,), 0.0), ((4287,), 0.0), ((3262,), 0.0), ((3266,), 0.0), ((197,), 0.0), ((2247,), 0.0), ((201,), 0.0), ((3273,), 0.0), ((2252,), 0.0), ((1228,), 0.0), ((3280,), 0.0), ((1234,), 0.0), ((4309,), 0.0), ((3286,), 0.0), ((215,), 0.0), ((2267,), 0.0), ((3291,), 0.0), ((2270,), 0.0), ((1249,), 0.0), ((228,), 0.0), ((2277,), 0.0), ((2279,), 0.0), ((4327,), 0.0), ((3304,), 0.0), ((3305,), 0.0), ((2284,), 0.0), ((4332,), 0.0), ((4334,), 0.0), ((3308,), 0.0), ((1264,), 0.0), ((4338,), 0.0), ((2291,), 0.0), ((4347,), 0.0), ((1278,), 0.0), ((3326,), 0.0), ((2304,), 0.0), ((2315,), 0.0), ((4368,), 0.0), ((4370,), 0.0), ((276,), 0.0), ((3350,), 0.0), ((2330,), 0.0), ((283,), 0.0), ((2332,), 0.0), ((286,), 0.0), ((2336,), 0.0), ((1310,), 0.0), ((2341,), 0.0), ((3367,), 0.0), ((3371,), 0.0), ((4397,), 0.0), ((1328,), 0.0), ((3378,), 0.0), ((1334,), 0.0), ((2359,), 0.0), ((313,), 0.0), ((1338,), 0.0), ((1339,), 0.0), ((316,), 0.0), ((4413,), 0.0), ((318,), 0.0), ((1348,), 0.0), ((4422,), 0.0), ((1352,), 0.0), ((2378,), 0.0), ((4426,), 0.0), ((1359,), 0.0), ((3410,), 0.0), ((1365,), 0.0), ((347,), 0.0), ((2395,), 0.0), ((349,), 0.0), ((4443,), 0.0), ((4444,), 0.0), ((3421,), 0.0), ((3429,), 0.0), ((358,), 0.0), ((2408,), 0.0), ((1389,), 0.0), ((3438,), 0.0), ((4465,), 0.0), ((371,), 0.0), ((2423,), 0.0), ((3449,), 0.0), ((2426,), 0.0), ((1402,), 0.0), ((3453,), 0.0), ((1406,), 0.0), ((4481,), 0.0), ((1411,), 0.0), ((1413,), 0.0), ((392,), 0.0), ((395,), 0.0), ((396,), 0.0), ((2446,), 0.0), ((1424,), 0.0), ((2450,), 0.0), ((1429,), 0.0), ((1438,), 0.0), ((3487,), 0.0), ((4519,), 0.0), ((427,), 0.0), ((428,), 0.0), ((4523,), 0.0), ((3502,), 0.0), ((2479,), 0.0), ((3505,), 0.0), ((3508,), 0.0), ((4536,), 0.0), ((1467,), 0.0), ((449,), 0.0), ((450,), 0.0), ((3521,), 0.0), ((3525,), 0.0), ((2503,), 0.0), ((2505,), 0.0), ((4555,), 0.0), ((3540,), 0.0), ((3541,), 0.0), ((1497,), 0.0), ((1501,), 0.0), ((481,), 0.0), ((482,), 0.0), ((3553,), 0.0), ((484,), 0.0), ((1509,), 0.0), ((2534,), 0.0), ((3557,), 0.0), ((489,), 0.0), ((1515,), 0.0), ((4589,), 0.0), ((495,), 0.0), ((4594,), 0.0), ((3576,), 0.0), ((1530,), 0.0), ((2556,), 0.0), ((513,), 0.0), ((4611,), 0.0), ((4612,), 0.0), ((2566,), 0.0), ((4615,), 0.0), ((1543,), 0.0), ((522,), 0.0), ((3594,), 0.0), ((2573,), 0.0), ((1549,), 0.0), ((3602,), 0.0), ((4627,), 0.0), ((532,), 0.0), ((534,), 0.0), ((535,), 0.0), ((1563,), 0.0), ((3614,), 0.0), ((1567,), 0.0), ((1568,), 0.0), ((4646,), 0.0), ((3622,), 0.0), ((3624,), 0.0), ((1581,), 0.0), ((4655,), 0.0), ((4657,), 0.0), ((562,), 0.0), ((2611,), 0.0), ((1587,), 0.0), ((4661,), 0.0), ((3642,), 0.0), ((2619,), 0.0), ((573,), 0.0), ((2620,), 0.0), ((4674,), 0.0), ((2627,), 0.0), ((3654,), 0.0), ((2636,), 0.0), ((593,), 0.0), ((3668,), 0.0), ((599,), 0.0), ((1623,), 0.0), ((2649,), 0.0), ((4697,), 0.0), ((4699,), 0.0), ((604,), 0.0), ((1631,), 0.0), ((1632,), 0.0), ((4705,), 0.0), ((612,), 0.0), ((1636,), 0.0), ((1637,), 0.0), ((1638,), 0.0), ((3686,), 0.0), ((4715,), 0.0), ((1646,), 0.0), ((1652,), 0.0), ((2677,), 0.0), ((1653,), 0.0), ((3700,), 0.0), ((632,), 0.0), ((3704,), 0.0), ((1657,), 0.0), ((1661,), 0.0), ((4734,), 0.0), ((3709,), 0.0), ((4739,), 0.0), ((3722,), 0.0), ((651,), 0.0), ((2701,), 0.0), ((4751,), 0.0), ((3731,), 0.0), ((2708,), 0.0), ((2710,), 0.0), ((671,), 0.0), ((3743,), 0.0), ((2722,), 0.0), ((2723,), 0.0), ((4772,), 0.0), ((1711,), 0.0), ((3761,), 0.0), ((1720,), 0.0), ((1724,), 0.0), ((3778,), 0.0), ((2757,), 0.0), ((1734,), 0.0), ((712,), 0.0), ((4810,), 0.0), ((4812,), 0.0), ((4813,), 0.0), ((2766,), 0.0), ((3789,), 0.0), ((1747,), 0.0), ((2773,), 0.0), ((2774,), 0.0), ((2775,), 0.0), ((1751,), 0.0), ((730,), 0.0), ((1754,), 0.0), ((732,), 0.0), ((4833,), 0.0), ((1764,), 0.0), ((4838,), 0.0), ((3815,), 0.0), ((4840,), 0.0), ((2795,), 0.0), ((750,), 0.0), ((753,), 0.0), ((3826,), 0.0), ((2803,), 0.0), ((1779,), 0.0), ((2806,), 0.0), ((4854,), 0.0), ((4857,), 0.0), ((1786,), 0.0), ((1789,), 0.0), ((771,), 0.0), ((2820,), 0.0), ((783,), 0.0), ((3855,), 0.0), ((2834,), 0.0), ((4882,), 0.0), ((3860,), 0.0), ((2839,), 0.0), ((1816,), 0.0), ((793,), 0.0), ((1817,), 0.0), ((4891,), 0.0), ((2844,), 0.0), ((3866,), 0.0), ((802,), 0.0), ((2855,), 0.0), ((4903,), 0.0), ((4905,), 0.0), ((2858,), 0.0), ((1833,), 0.0), ((1834,), 0.0), ((3882,), 0.0), ((826,), 0.0), ((1851,), 0.0), ((3899,), 0.0), ((833,), 0.0), ((4931,), 0.0), ((836,), 0.0), ((1860,), 0.0), ((3916,), 0.0), ((1870,), 0.0), ((3919,), 0.0), ((855,), 0.0), ((3931,), 0.0), ((861,), 0.0), ((2909,), 0.0), ((1887,), 0.0), ((1889,), 0.0), ((2915,), 0.0), ((4968,), 0.0), ((2921,), 0.0), ((2923,), 0.0), ((4971,), 0.0), ((877,), 0.0), ((4972,), 0.0), ((2932,), 0.0), ((886,), 0.0), ((3962,), 0.0), ((3964,), 0.0), ((4991,), 0.0), ((3968,), 0.0), ((2945,), 0.0), ((3969,), 0.0), ((3970,), 0.0), ((2951,), 0.0), ((2955,), 0.0), ((907,), 0.0), ((909,), 0.0), ((910,), 0.0), ((5003,), 0.0), ((2961,), 0.0), ((5006,), 0.0), ((5007,), 0.0), ((1933,), 0.0), ((1939,), 0.0), ((5016,), 0.0), ((1945,), 0.0), ((5018,), 0.0), ((3996,), 0.0), ((1949,), 0.0), ((5026,), 0.0), ((5028,), 0.0), ((5029,), 0.0), ((2982,), 0.0), ((2989,), 0.0), ((5041,), 0.0), ((946,), 0.0), ((5048,), 0.0), ((1980,), 0.0), ((3013,), 0.0), ((966,), 0.0), ((1990,), 0.0), ((5064,), 0.0), ((5070,), 0.0), ((3025,), 0.0), ((5073,), 0.0), ((5074,), 0.0), ((3034,), 0.0), ((4058,), 0.0), ((989,), 0.0), ((5090,), 0.0), ((5092,), 0.0), ((5094,), 0.0), ((2026,), 0.0), ((4075,), 0.0), ((3054,), 0.0), ((4081,), 0.0), ((1012,), 0.0), ((4086,), 0.0), ((4089,), 0.0), ((3067,), 0.0), ((5116,), 0.0), ((1022,), 0.0), ((4095,), 0.0)]"
3,5108,792,26,0.99999999933175,0.99999999933175,1,0.021708011627197266,"[((1640,), 0.99999999933175), ((1746,), 6.682499995534422e-10), ((4372,), 6.682499995534425e-54), ((277,), 6.682499995534427e-56), ((1340,), 6.682499995534427e-56), ((3420,), 6.682499995534425e-68), ((3083,), 6.682499995534426e-70), ((4731,), 6.682499995534426e-70), ((3371,), 6.682499995534426e-84), ((3849,), 6.6824999955344275e-102), ((3196,), 6.682499995534429e-110), ((4117,), 6.682499995534432e-124), ((4250,), 6.682499995534431e-128), ((4734,), 6.682499995534431e-148), ((2882,), 6.682499995534431e-160), ((3461,), 6.682499995534431e-160), ((2184,), 6.682499995534431e-160), ((4169,), 6.682499995534431e-160), ((3602,), 6.682499995534431e-160), ((3499,), 6.682499995534431e-160), ((4338,), 6.68247027757955e-294), ((2177,), 0.0), ((3579,), 0.0), ((1757,), 0.0), ((2216,), 0.0), ((879,), 0.0)]"
4,4000,433,2,0.0,0.0,2,0.0034170150756835938,"[((2053,), 1.0), ((1970,), 0.0)]"
5,4949,783,33,0.5123793986398358,0.5123793986398358,1,0.0332789421081543,"[((2240,), 0.512379398639836), ((3338,), 0.07590809894522772), ((580,), 0.07590809894522772), ((198,), 0.07590809894522772), ((3530,), 0.07590809894522772), ((1890,), 0.07590809894522772), ((1156,), 0.0540400430957968), ((2355,), 0.0540400430957968), ((2698,), 5.072558712014845e-09), ((2063,), 5.072558712014845e-09), ((656,), 5.072558712014845e-09), ((2585,), 5.072558712014845e-09), ((1805,), 5.072558712014845e-11), ((2378,), 5.072558712014845e-11), ((2513,), 5.072558712014845e-11), ((4104,), 5.0725587120148446e-15), ((4250,), 5.0725587120148446e-15), ((1218,), 5.0725587120148446e-15), ((3523,), 5.0725587120148446e-15), ((3838,), 5.072558712014845e-19), ((822,), 5.072558712014849e-69), ((396,), 5.072558712014854e-103), ((4762,), 5.072558712014854e-111), ((4435,), 5.072558712014855e-147), ((3896,), 5.072558712014855e-155), ((3903,), 5.072558712014855e-155), ((264,), 0.0), ((1816,), 0.0), ((4142,), 0.0), ((316,), 0.0), ((2130,), 0.0), ((597,), 0.0), ((3186,), 0.0)]"
6,4913,812,10,0.0,0.0,9,0.03669095039367676,"[((941,), 1.0), ((3873,), 0.0), ((2947,), 0.0), ((261,), 0.0), ((2118,), 0.0), ((3710,), 0.0), ((1805,), 0.0), ((1423,), 0.0), ((1181,), 0.0), ((30,), 0.0)]"
7,7,3,2,0.8709676828815289,0.8709676828815289,1,0.0015628337860107422,"[((5,), 0.8709676828815289), ((1,), 0.12903231711847107)]"
8,5855,953,99,0.9999999999906134,0.9999999999906134,1,0.1743159294128418,"[((4645,), 0.9999999999906134), ((5407,), 9.386666666744001e-12), ((5727,), 9.386666666744003e-38), ((2573,), 9.386666666744004e-42), ((4112,), 9.386666666744004e-42), ((4639,), 9.386666666744004e-42), ((2660,), 9.386666666744004e-42), ((5786,), 9.386666666744004e-42), ((687,), 9.386666666744004e-42), ((4790,), 9.386666666744004e-42), ((1000,), 9.386666666744004e-42), ((828,), 9.386666666744005e-52), ((2737,), 9.386666666744005e-54), ((382,), 9.386666666744006e-56), ((1740,), 9.386666666744006e-56), ((5112,), 9.386666666744005e-60), ((23,), 9.386666666744005e-62), ((1084,), 9.386666666744002e-62), ((3204,), 9.386666666744004e-68), ((5779,), 9.386666666744005e-78), ((5374,), 9.386666666744007e-84), ((771,), 9.386666666744007e-88), ((66,), 9.386666666744008e-98), ((5487,), 9.386666666744009e-102), ((4262,), 9.386666666744008e-104), ((852,), 9.386666666744009e-106), ((1439,), 9.386666666744009e-106), ((5048,), 9.386666666744008e-110), ((3675,), 9.386666666744008e-116), ((4086,), 9.386666666744008e-116), ((408,), 9.386666666744009e-120), ((768,), 9.386666666744011e-128), ((1622,), 9.386666666744011e-128), ((5526,), 9.386666666744011e-128), ((1727,), 9.38666666674401e-134), ((4600,), 9.386666666744011e-144), ((5217,), 9.386666666744013e-150), ((5735,), 9.386666666744014e-156), ((621,), 9.386666666744013e-176), ((5214,), 9.386666666744012e-182), ((3956,), 9.386666666744012e-182), ((1218,), 9.386666666744012e-182), ((1003,), 9.386666666744012e-182), ((2809,), 9.386666666744012e-182), ((1018,), 9.386666666744012e-182), ((2642,), 9.386666666744014e-184), ((5536,), 9.386666666744014e-184), ((1033,), 9.386666666744015e-188), ((528,), 9.386666666744016e-206), ((549,), 9.386666666744016e-206), ((1348,), 9.386666666744024e-264), ((4406,), 9.386666666744023e-266), ((5241,), 9.386666666744023e-266), ((1408,), 9.386666666744025e-270), ((198,), 9.386666666744026e-272), ((1804,), 9.386666666744026e-274), ((2328,), 9.386666666744026e-274), ((2590,), 9.386666666744026e-274), ((5809,), 9.386666666744026e-274), ((912,), 9.386666666744027e-278), ((666,), 9.386666666930673e-286), ((3347,), 9.386606221990838e-292), ((2908,), 9.386606221990838e-292), ((3846,), 0.0), ((4872,), 0.0), ((1044,), 0.0), ((1569,), 0.0), ((4389,), 0.0), ((3380,), 0.0), ((2105,), 0.0), ((3904,), 0.0), ((65,), 0.0), ((1859,), 0.0), ((4682,), 0.0), ((3153,), 0.0), ((2643,), 0.0), ((4698,), 0.0), ((3951,), 0.0), ((4724,), 0.0), ((4735,), 0.0), ((1156,), 0.0), ((2184,), 0.0), ((2446,), 0.0), ((4494,), 0.0), ((3738,), 0.0), ((4252,), 0.0), ((4006,), 0.0), ((4519,), 0.0), ((1705,), 0.0), ((425,), 0.0), ((2732,), 0.0), ((428,), 0.0), ((1964,), 0.0), ((689,), 0.0), ((4277,), 0.0), ((3783,), 0.0), ((457,), 0.0), ((4563,), 0.0), ((2025,), 0.0)]"
9,5548,972,548,0.031413416372937396,0.02094227758195826,539,1.419734001159668,"[((4358,), 0.46073313217709855), ((4796,), 0.46073313217709855), ((5467, 3959), 0.03141341606351305), ((3699, 3959), 0.03141341606351305), ((3699, 3615), 0.007853405575111655), ((5467, 3615), 0.007853405575111655), ((51,), 3.0480606642157264e-08), ((2287,), 3.0480606642157264e-08), ((1664,), 3.0480606642157264e-08), ((5467, 143), 3.0788491557734606e-10), ((3699, 143), 3.0788491557734606e-10), ((1323, 3959), 3.0788491557734606e-10), ((1323, 3615), 3.078849155773461e-12), ((1323, 143), 3.0788491557734614e-18), ((1625, 3959), 3.078849155773461e-22), ((1625, 3615), 3.0788491557734607e-24), ((3621,), 3.0480606642157267e-28), ((1625, 143), 3.078849155773461e-30), ((29, 3959), 3.078849155773461e-30), ((29, 3615), 3.078849155773461e-32), ((1226,), 3.048060664215727e-32), ((1774,), 3.048060664215727e-32), ((4981,), 3.0480606642157274e-36), ((3578,), 3.0480606642157274e-36), ((29, 143), 3.0788491557734614e-38), ((4817,), 3.0480606642157275e-44), ((2774,), 3.0480606642157275e-44), ((3198,), 3.048060664215728e-46), ((2236,), 3.0480606642157275e-48), ((2748,), 3.0480606642157275e-48), ((5064,), 3.048060664215728e-58), ((1727,), 3.048060664215728e-64), ((2299,), 3.048060664215728e-66), ((603,), 3.048060664215728e-66), ((1385,), 3.048060664215728e-66), ((2475,), 3.048060664215728e-70), ((4706,), 3.048060664215728e-70), ((2959,), 3.048060664215728e-70), ((5224,), 3.048060664215728e-70), ((3030,), 3.048060664215728e-72), ((1455,), 3.048060664215728e-72), ((918,), 3.048060664215728e-80), ((3481,), 3.048060664215728e-80), ((92,), 3.048060664215728e-82), ((2214,), 3.048060664215728e-82), ((4328,), 3.048060664215728e-82), ((439,), 3.048060664215728e-82), ((476,), 3.048060664215728e-82), ((702,), 3.048060664215728e-82), ((2775,), 3.0480606642157304e-84), ((968,), 3.0480606642157304e-84), ((2472, 3959), 3.078849155773464e-92), ((2472, 3615), 3.0788491557734636e-94), ((1617,), 3.04806066421573e-96), ((1420,), 3.04806066421573e-98), ((2472, 143), 3.078849155773465e-100), ((3480,), 3.0480606642157305e-102), ((3857,), 3.0480606642157305e-102), ((5023,), 3.0480606642157303e-106), ((3262,), 3.0480606642157303e-106), ((696,), 3.0480606642157317e-128), ((2920,), 3.0480606642157317e-128), ((1464,), 3.0480606642157317e-128), ((2280,), 3.048060664215732e-138), ((2081,), 3.0480606642157327e-140), ((4683,), 3.0480606642157327e-140), ((3377,), 3.0480606642157327e-140), ((1401,), 3.0480606642157327e-140), ((1422,), 3.0480606642157327e-140), ((2709,), 3.0480606642157317e-140), ((3996,), 3.048060664215733e-150), ((858,), 3.048060664215733e-176), ((2737,), 3.0480606642157336e-178), ((3593,), 3.0480606642157336e-178), ((1213,), 3.0480606642157335e-180), ((3467,), 3.0480606642157335e-180), ((1979,), 3.0480606642157335e-180), ((2064,), 3.048060664215734e-182), ((4149,), 3.048060664215734e-182), ((4272,), 3.048060664215734e-182), ((3038,), 3.048060664215734e-182), ((4776,), 3.0480606642157336e-184), ((3236,), 3.0480606642157336e-184), ((2621,), 3.0480606642157346e-186), ((2848,), 3.0480606642157346e-186), ((2955,), 3.0480606642157346e-186), ((948,), 3.0480606642157346e-186), ((1012,), 3.0480606642157346e-186), ((1069,), 3.0480606642157346e-186), ((1182,), 3.0480606642157346e-186), ((3347,), 3.0480606642157346e-186), ((3520,), 3.0480606642157346e-186), ((1492,), 3.0480606642157346e-186), ((1493,), 3.0480606642157346e-186), ((1545,), 3.0480606642157346e-186), ((1923,), 3.0480606642157346e-186), ((2084,), 3.048060664215734e-188), ((101,), 3.048060664215734e-188), ((117,), 3.048060664215734e-188), ((177,), 3.048060664215734e-188), ((226,), 3.048060664215734e-188), ((2361,), 3.048060664215734e-188), ((2470,), 3.048060664215734e-188), ((4684,), 3.048060664215734e-188), ((2867,), 3.048060664215734e-188), ((5025,), 3.048060664215734e-188), ((1110,), 3.048060664215734e-188), ((1426,), 3.048060664215734e-188), ((3601,), 3.048060664215734e-188), ((3853,), 3.048060664215734e-188), ((1977,), 3.048060664215734e-188), ((4050,), 3.048060664215734e-188), ((3616,), 3.0480606642157344e-190), ((4592,), 3.048060664215735e-206), ((5368,), 3.048060664215735e-208), ((3851,), 3.048060664215735e-218), ((2053,), 0.0), ((10,), 0.0), ((4122,), 0.0), ((2078,), 0.0), ((39,), 0.0), ((4139,), 0.0), ((4144,), 0.0), ((2097,), 0.0), ((4152,), 0.0), ((57,), 0.0), ((2114,), 0.0), ((2123,), 0.0), ((4171,), 0.0), ((4182,), 0.0), ((4183,), 0.0), ((4187,), 0.0), ((95,), 0.0), ((4191,), 0.0), ((97,), 0.0), ((108,), 0.0), ((110,), 0.0), ((4206,), 0.0), ((4212,), 0.0), ((4218,), 0.0), ((4224,), 0.0), ((132,), 0.0), ((133,), 0.0), ((2180,), 0.0), ((2184,), 0.0), ((4232,), 0.0), ((142,), 0.0), ((148,), 0.0), ((2196,), 0.0), ((4245,), 0.0), ((4246,), 0.0), ((4252,), 0.0), ((4253,), 0.0), ((2212,), 0.0), ((4261,), 0.0), ((2215,), 0.0), ((4262,), 0.0), ((170,), 0.0), ((4270,), 0.0), ((4276,), 0.0), ((4277,), 0.0), ((2244,), 0.0), ((2252,), 0.0), ((2253,), 0.0), ((217,), 0.0), ((218,), 0.0), ((4316,), 0.0), ((4324,), 0.0), ((233,), 0.0), ((2286,), 0.0), ((240,), 0.0), ((2302,), 0.0), ((2303,), 0.0), ((259,), 0.0), ((4362,), 0.0), ((4363,), 0.0), ((2316,), 0.0), ((269,), 0.0), ((270,), 0.0), ((4370,), 0.0), ((2324,), 0.0), ((2337,), 0.0), ((2338,), 0.0), ((301,), 0.0), ((2352,), 0.0), ((307,), 0.0), ((311,), 0.0), ((2362,), 0.0), ((2365,), 0.0), ((323,), 0.0), ((2371,), 0.0), ((2378,), 0.0), ((2380,), 0.0), ((4429,), 0.0), ((2382,), 0.0), ((344,), 0.0), ((4444,), 0.0), ((358,), 0.0), ((361,), 0.0), ((4458,), 0.0), ((363,), 0.0), ((2419,), 0.0), ((4468,), 0.0), ((4472,), 0.0), ((2430,), 0.0), ((4478,), 0.0), ((2433,), 0.0), ((2434,), 0.0), ((387,), 0.0), ((4484,), 0.0), ((4487,), 0.0), ((394,), 0.0), ((397,), 0.0), ((4493,), 0.0), ((4495,), 0.0), ((414,), 0.0), ((4516,), 0.0), ((424,), 0.0), ((426,), 0.0), ((429,), 0.0), ((2478,), 0.0), ((2497,), 0.0), ((2498,), 0.0), ((452,), 0.0), ((4549,), 0.0), ((455,), 0.0), ((2505,), 0.0), ((2513,), 0.0), ((2518,), 0.0), ((4569,), 0.0), ((4571,), 0.0), ((4576,), 0.0), ((485,), 0.0), ((4589,), 0.0), ((504,), 0.0), ((2556,), 0.0), ((4604,), 0.0), ((4607,), 0.0), ((2568,), 0.0), ((4620,), 0.0), ((525,), 0.0), ((4624,), 0.0), ((2578,), 0.0), ((4632,), 0.0), ((537,), 0.0), ((545,), 0.0), ((547,), 0.0), ((4650,), 0.0), ((556,), 0.0), ((4658,), 0.0), ((564,), 0.0), ((566,), 0.0), ((572,), 0.0), ((581,), 0.0), ((582,), 0.0), ((4679,), 0.0), ((584,), 0.0), ((4680,), 0.0), ((2635,), 0.0), ((591,), 0.0), ((4687,), 0.0), ((594,), 0.0), ((2646,), 0.0), ((4705,), 0.0), ((614,), 0.0), ((4710,), 0.0), ((2676,), 0.0), ((4725,), 0.0), ((635,), 0.0), ((4732,), 0.0), ((640,), 0.0), ((4736,), 0.0), ((642,), 0.0), ((4738,), 0.0), ((2694,), 0.0), ((4752,), 0.0), ((4762,), 0.0), ((2722,), 0.0), ((693,), 0.0), ((4801,), 0.0), ((706,), 0.0), ((2754,), 0.0), ((708,), 0.0), ((2759,), 0.0), ((4811,), 0.0), ((723,), 0.0), ((4823,), 0.0), ((4825,), 0.0), ((733,), 0.0), ((736,), 0.0), ((741,), 0.0), ((4840,), 0.0), ((4851,), 0.0), ((759,), 0.0), ((763,), 0.0), ((4867,), 0.0), ((4868,), 0.0), ((4869,), 0.0), ((2825,), 0.0), ((2826,), 0.0), ((2827,), 0.0), ((4877,), 0.0), ((2834,), 0.0), ((788,), 0.0), ((790,), 0.0), ((796,), 0.0), ((2858,), 0.0), ((4912,), 0.0), ((822,), 0.0), ((4919,), 0.0), ((4922,), 0.0), ((4925,), 0.0), ((830,), 0.0), ((834,), 0.0), ((4939,), 0.0), ((4944,), 0.0), ((2910,), 0.0), ((868,), 0.0), ((4971,), 0.0), ((2926,), 0.0), ((4974,), 0.0), ((2933,), 0.0), ((889,), 0.0), ((4987,), 0.0), ((892,), 0.0), ((897,), 0.0), ((2945,), 0.0), ((2952,), 0.0), ((906,), 0.0), ((5007,), 0.0), ((2964,), 0.0), ((5018,), 0.0), ((928,), 0.0), ((2976,), 0.0), ((5029,), 0.0), ((5033,), 0.0), ((941,), 0.0), ((2989,), 0.0), ((5037,), 0.0), ((947,), 0.0), ((955,), 0.0), ((5052,), 0.0), ((964,), 0.0), ((5065,), 0.0), ((3024,), 0.0), ((5072,), 0.0), ((5073,), 0.0), ((980,), 0.0), ((5080,), 0.0), ((985,), 0.0), ((5081,), 0.0), ((1011,), 0.0), ((5124,), 0.0), ((5130,), 0.0), ((5141,), 0.0), ((1052,), 0.0), ((1053,), 0.0), ((1054,), 0.0), ((5149,), 0.0), ((5159,), 0.0), ((3129,), 0.0), ((5182,), 0.0), ((1091,), 0.0), ((1094,), 0.0), ((3146,), 0.0), ((5196,), 0.0), ((3149,), 0.0), ((1102,), 0.0), ((1107,), 0.0), ((1108,), 0.0), ((1109,), 0.0), ((3158,), 0.0), ((5204,), 0.0), ((3177,), 0.0), ((5228,), 0.0), ((1146,), 0.0), ((3194,), 0.0), ((5247,), 0.0), ((3203,), 0.0), ((5255,), 0.0), ((5257,), 0.0), ((5261,), 0.0), ((5265,), 0.0), ((5266,), 0.0), ((3219,), 0.0), ((1176,), 0.0), ((5281,), 0.0), ((1187,), 0.0), ((1194,), 0.0), ((5290,), 0.0), ((3244,), 0.0), ((1199,), 0.0), ((3249,), 0.0), ((5304,), 0.0), ((3259,), 0.0), ((3265,), 0.0), ((1220,), 0.0), ((5319,), 0.0), ((3273,), 0.0), ((5327,), 0.0), ((1236,), 0.0), ((1250,), 0.0), ((5355,), 0.0), ((3308,), 0.0), ((3321,), 0.0), ((5369,), 0.0), ((3325,), 0.0), ((5374,), 0.0), ((1286,), 0.0), ((5388,), 0.0), ((3343,), 0.0), ((3344,), 0.0), ((5394,), 0.0), ((1309,), 0.0), ((3375,), 0.0), ((5426,), 0.0), ((3379,), 0.0), ((5427,), 0.0), ((1339,), 0.0), ((1343,), 0.0), ((1345,), 0.0), ((3395,), 0.0), ((1349,), 0.0), ((5450,), 0.0), ((3403,), 0.0), ((1356,), 0.0), ((5454,), 0.0), ((1366,), 0.0), ((5464,), 0.0), ((5478,), 0.0), ((1391,), 0.0), ((5494,), 0.0), ((1403,), 0.0), ((1404,), 0.0), ((1407,), 0.0), ((5506,), 0.0), ((5508,), 0.0), ((3464,), 0.0), ((1427,), 0.0), ((5524,), 0.0), ((5527,), 0.0), ((5536,), 0.0), ((1441,), 0.0), ((1443,), 0.0), ((3492,), 0.0), ((5539,), 0.0), ((1454,), 0.0), ((3519,), 0.0), ((3525,), 0.0), ((1481,), 0.0), ((1485,), 0.0), ((1490,), 0.0), ((1491,), 0.0), ((3539,), 0.0), ((3542,), 0.0), ((1500,), 0.0), ((3548,), 0.0), ((3558,), 0.0), ((1518,), 0.0), ((3583,), 0.0), ((3604,), 0.0), ((1557,), 0.0), ((1565,), 0.0), ((1574,), 0.0), ((3630,), 0.0), ((3638,), 0.0), ((1597,), 0.0), ((1598,), 0.0), ((3645,), 0.0), ((3651,), 0.0), ((1610,), 0.0), ((1613,), 0.0), ((1620,), 0.0), ((1621,), 0.0), ((3672,), 0.0), ((1626,), 0.0), ((3681,), 0.0), ((1634,), 0.0), ((3685,), 0.0), ((1644,), 0.0), ((1651,), 0.0), ((1655,), 0.0), ((3737,), 0.0), ((1696,), 0.0), ((1706,), 0.0), ((1713,), 0.0), ((3766,), 0.0), ((1721,), 0.0), ((3770,), 0.0), ((3780,), 0.0), ((3788,), 0.0), ((3791,), 0.0), ((1750,), 0.0), ((1753,), 0.0), ((3805,), 0.0), ((1758,), 0.0), ((1772,), 0.0), ((3832,), 0.0), ((3834,), 0.0), ((1791,), 0.0), ((1792,), 0.0), ((1806,), 0.0), ((1807,), 0.0), ((1811,), 0.0), ((3859,), 0.0), ((1816,), 0.0), ((1829,), 0.0), ((1831,), 0.0), ((3892,), 0.0), ((3894,), 0.0), ((3901,), 0.0), ((1856,), 0.0), ((3914,), 0.0), ((3920,), 0.0), ((3921,), 0.0), ((1883,), 0.0), ((1886,), 0.0), ((1908,), 0.0), ((3958,), 0.0), ((3974,), 0.0), ((3977,), 0.0), ((3980,), 0.0), ((3986,), 0.0), ((3999,), 0.0), ((4011,), 0.0), ((1972,), 0.0), ((4021,), 0.0), ((4026,), 0.0), ((4027,), 0.0), ((4030,), 0.0), ((1985,), 0.0), ((4036,), 0.0), ((1997,), 0.0), ((1998,), 0.0), ((2001,), 0.0), ((4056,), 0.0), ((2009,), 0.0), ((4060,), 0.0), ((4061,), 0.0), ((4073,), 0.0), ((2026,), 0.0), ((4075,), 0.0), ((4082,), 0.0), ((4083,), 0.0), ((2038,), 0.0), ((2039,), 0.0), ((4094,), 0.0), ((2047,), 0.0)]"
10,5575,1004,441,0.12903231489328698,0.12903231489328698,2,1.2486259937286377,"[((3717,), 0.8709676678615442), ((4822,), 0.12903231489328698), ((51,), 8.622584442743907e-09), ((1668,), 8.622584442743907e-09), ((1231,), 8.62258444274391e-35), ((1782,), 8.62258444274391e-35), ((2489,), 8.62258444274392e-93), ((3278,), 8.622584442743916e-115), ((4709,), 8.622584442743915e-151), ((4618,), 8.622584442743927e-219), ((5391,), 8.6225844427439265e-221), ((2053,), 0.0), ((4101,), 0.0), ((4102,), 0.0), ((9,), 0.0), ((2059,), 0.0), ((4113,), 0.0), ((5147,), 0.0), ((1055,), 0.0), ((1056,), 0.0), ((1057,), 0.0), ((5152,), 0.0), ((37,), 0.0), ((2087,), 0.0), ((5163,), 0.0), ((4142,), 0.0), ((5171,), 0.0), ((57,), 0.0), ((2106,), 0.0), ((5181,), 0.0), ((4160,), 0.0), ((4165,), 0.0), ((1094,), 0.0), ((3142,), 0.0), ((1097,), 0.0), ((2124,), 0.0), ((4173,), 0.0), ((1105,), 0.0), ((5204,), 0.0), ((2133,), 0.0), ((1110,), 0.0), ((1111,), 0.0), ((1112,), 0.0), ((3159,), 0.0), ((3163,), 0.0), ((96,), 0.0), ((4192,), 0.0), ((98,), 0.0), ((5218,), 0.0), ((3172,), 0.0), ((4091,), 0.0), ((4202,), 0.0), ((4203,), 0.0), ((5226,), 0.0), ((109,), 0.0), ((111,), 0.0), ((4207,), 0.0), ((4211,), 0.0), ((4212,), 0.0), ((3191,), 0.0), ((1148,), 0.0), ((4226,), 0.0), ((5251,), 0.0), ((132,), 0.0), ((133,), 0.0), ((4232,), 0.0), ((3209,), 0.0), ((2189,), 0.0), ((142,), 0.0), ((4238,), 0.0), ((2193,), 0.0), ((3217,), 0.0), ((148,), 0.0), ((4244,), 0.0), ((5272,), 0.0), ((1179,), 0.0), ((4252,), 0.0), ((2205,), 0.0), ((5280,), 0.0), ((3233,), 0.0), ((5282,), 0.0), ((1190,), 0.0), ((5286,), 0.0), ((4265,), 0.0), ((4266,), 0.0), ((171,), 0.0), ((5290,), 0.0), ((5291,), 0.0), ((2222,), 0.0), ((1197,), 0.0), ((4272,), 0.0), ((2225,), 0.0), ((4273,), 0.0), ((1202,), 0.0), ((4281,), 0.0), ((4282,), 0.0), ((5306,), 0.0), ((3259,), 0.0), ((3264,), 0.0), ((4290,), 0.0), ((5315,), 0.0), ((4296,), 0.0), ((4297,), 0.0), ((1225,), 0.0), ((3275,), 0.0), ((2255,), 0.0), ((5328,), 0.0), ((3281,), 0.0), ((2263,), 0.0), ((2264,), 0.0), ((1241,), 0.0), ((3289,), 0.0), ((220,), 0.0), ((221,), 0.0), ((1246,), 0.0), ((5343,), 0.0), ((1255,), 0.0), ((5351,), 0.0), ((236,), 0.0), ((4337,), 0.0), ((244,), 0.0), ((4345,), 0.0), ((2298,), 0.0), ((3324,), 0.0), ((5379,), 0.0), ((260,), 0.0), ((3336,), 0.0), ((2314,), 0.0), ((2315,), 0.0), ((1292,), 0.0), ((3340,), 0.0), ((271,), 0.0), ((273,), 0.0), ((5392,), 0.0), ((5397,), 0.0), ((2329,), 0.0), ((4384,), 0.0), ((2337,), 0.0), ((4385,), 0.0), ((3360,), 0.0), ((3361,), 0.0), ((1315,), 0.0), ((5411,), 0.0), ((4392,), 0.0), ((5417,), 0.0), ((2351,), 0.0), ((2352,), 0.0), ((305,), 0.0), ((5425,), 0.0), ((312,), 0.0), ((316,), 0.0), ((2366,), 0.0), ((1343,), 0.0), ((3391,), 0.0), ((1346,), 0.0), ((3395,), 0.0), ((1348,), 0.0), ((1351,), 0.0), ((328,), 0.0), ((2376,), 0.0), ((5450,), 0.0), ((2379,), 0.0), ((5451,), 0.0), ((1359,), 0.0), ((2384,), 0.0), ((2391,), 0.0), ((2393,), 0.0), ((1369,), 0.0), ((2395,), 0.0), ((3418,), 0.0), ((350,), 0.0), ((4450,), 0.0), ((5475,), 0.0), ((5479,), 0.0), ((364,), 0.0), ((368,), 0.0), ((1393,), 0.0), ((370,), 0.0), ((4466,), 0.0), ((5489,), 0.0), ((1405,), 0.0), ((1406,), 0.0), ((5501,), 0.0), ((4480,), 0.0), ((1409,), 0.0), ((2434,), 0.0), ((393,), 0.0), ((4490,), 0.0), ((4492,), 0.0), ((2446,), 0.0), ((4495,), 0.0), ((400,), 0.0), ((2449,), 0.0), ((5519,), 0.0), ((403,), 0.0), ((4501,), 0.0), ((1429,), 0.0), ((3480,), 0.0), ((5531,), 0.0), ((4508,), 0.0), ((5533,), 0.0), ((4511,), 0.0), ((419,), 0.0), ((1443,), 0.0), ((4517,), 0.0), ((1445,), 0.0), ((4519,), 0.0), ((431,), 0.0), ((5551,), 0.0), ((433,), 0.0), ((1458,), 0.0), ((3507,), 0.0), ((436,), 0.0), ((5554,), 0.0), ((5562,), 0.0), ((4540,), 0.0), ((5565,), 0.0), ((2495,), 0.0), ((459,), 0.0), ((1484,), 0.0), ((462,), 0.0), ((3535,), 0.0), ((1488,), 0.0), ((2514,), 0.0), ((2515,), 0.0), ((1493,), 0.0), ((1494,), 0.0), ((3542,), 0.0), ((2522,), 0.0), ((4575,), 0.0), ((1503,), 0.0), ((2530,), 0.0), ((3556,), 0.0), ((2535,), 0.0), ((3559,), 0.0), ((3562,), 0.0), ((492,), 0.0), ((3566,), 0.0), ((4594,), 0.0), ((1522,), 0.0), ((4596,), 0.0), ((3576,), 0.0), ((4601,), 0.0), ((514,), 0.0), ((4615,), 0.0), ((2574,), 0.0), ((3601,), 0.0), ((534,), 0.0), ((4630,), 0.0), ((4633,), 0.0), ((2586,), 0.0), ((1562,), 0.0), ((545,), 0.0), ((1569,), 0.0), ((2596,), 0.0), ((4646,), 0.0), ((3623,), 0.0), ((553,), 0.0), ((4650,), 0.0), ((555,), 0.0), ((1579,), 0.0), ((4657,), 0.0), ((564,), 0.0), ((572,), 0.0), ((574,), 0.0), ((3649,), 0.0), ((1603,), 0.0), ((580,), 0.0), ((4676,), 0.0), ((1604,), 0.0), ((3657,), 0.0), ((4684,), 0.0), ((589,), 0.0), ((590,), 0.0), ((1615,), 0.0), ((592,), 0.0), ((3663,), 0.0), ((1618,), 0.0), ((598,), 0.0), ((3670,), 0.0), ((600,), 0.0), ((1625,), 0.0), ((1626,), 0.0), ((2653,), 0.0), ((1631,), 0.0), ((4706,), 0.0), ((1638,), 0.0), ((2665,), 0.0), ((4714,), 0.0), ((3690,), 0.0), ((620,), 0.0), ((1648,), 0.0), ((3699,), 0.0), ((1655,), 0.0), ((3703,), 0.0), ((1659,), 0.0), ((4733,), 0.0), ((640,), 0.0), ((645,), 0.0), ((647,), 0.0), ((2695,), 0.0), ((4751,), 0.0), ((4758,), 0.0), ((2712,), 0.0), ((4762,), 0.0), ((4764,), 0.0), ((1698,), 0.0), ((4778,), 0.0), ((1707,), 0.0), ((3757,), 0.0), ((2737,), 0.0), ((1715,), 0.0), ((4788,), 0.0), ((695,), 0.0), ((1723,), 0.0), ((708,), 0.0), ((710,), 0.0), ((3786,), 0.0), ((3790,), 0.0), ((2769,), 0.0), ((724,), 0.0), ((2774,), 0.0), ((3800,), 0.0), ((4828,), 0.0), ((1757,), 0.0), ((734,), 0.0), ((1760,), 0.0), ((737,), 0.0), ((3808,), 0.0), ((3811,), 0.0), ((1765,), 0.0), ((4838,), 0.0), ((743,), 0.0), ((4850,), 0.0), ((3826,), 0.0), ((4852,), 0.0), ((1780,), 0.0), ((761,), 0.0), ((765,), 0.0), ((4867,), 0.0), ((1799,), 0.0), ((1800,), 0.0), ((3853,), 0.0), ((4878,), 0.0), ((3855,), 0.0), ((2837,), 0.0), ((790,), 0.0), ((2838,), 0.0), ((792,), 0.0), ((2839,), 0.0), ((1814,), 0.0), ((1815,), 0.0), ((1819,), 0.0), ((797,), 0.0), ((2845,), 0.0), ((4894,), 0.0), ((4896,), 0.0), ((3880,), 0.0), ((4905,), 0.0), ((1836,), 0.0), ((1838,), 0.0), ((2869,), 0.0), ((824,), 0.0), ((832,), 0.0), ((834,), 0.0), ((836,), 0.0), ((1864,), 0.0), ((3913,), 0.0), ((3915,), 0.0), ((4946,), 0.0), ((3922,), 0.0), ((4949,), 0.0), ((1877,), 0.0), ((4952,), 0.0), ((3935,), 0.0), ((1890,), 0.0), ((868,), 0.0), ((3940,), 0.0), ((4966,), 0.0), ((1893,), 0.0), ((3941,), 0.0), ((2923,), 0.0), ((4971,), 0.0), ((890,), 0.0), ((2938,), 0.0), ((1916,), 0.0), ((893,), 0.0), ((2944,), 0.0), ((898,), 0.0), ((4996,), 0.0), ((4999,), 0.0), ((907,), 0.0), ((2956,), 0.0), ((3979,), 0.0), ((2963,), 0.0), ((5012,), 0.0), ((3994,), 0.0), ((3997,), 0.0), ((2974,), 0.0), ((4000,), 0.0), ((929,), 0.0), ((4006,), 0.0), ((2986,), 0.0), ((941,), 0.0), ((947,), 0.0), ((5044,), 0.0), ((4020,), 0.0), ((3000,), 0.0), ((1977,), 0.0), ((955,), 0.0), ((5055,), 0.0), ((4031,), 0.0), ((5059,), 0.0), ((964,), 0.0), ((1990,), 0.0), ((5063,), 0.0), ((4041,), 0.0), ((4047,), 0.0), ((4048,), 0.0), ((2001,), 0.0), ((4051,), 0.0), ((981,), 0.0), ((5078,), 0.0), ((2005,), 0.0), ((4056,), 0.0), ((986,), 0.0), ((3035,), 0.0), ((2014,), 0.0), ((5090,), 0.0), ((5096,), 0.0), ((5097,), 0.0), ((4076,), 0.0), ((2031,), 0.0), ((5104,), 0.0), ((5105,), 0.0), ((4079,), 0.0), ((4080,), 0.0), ((1014,), 0.0), ((2043,), 0.0), ((2044,), 0.0), ((4093,), 0.0)]"
11,5585,993,441,0.12903231489328698,0.12903231489328698,2,1.2265820503234863,"[((3724,), 0.8709676678615441), ((4832,), 0.12903231489328695), ((52,), 8.622584442743905e-09), ((1674,), 8.622584442743905e-09), ((1233,), 8.622584442743908e-35), ((1788,), 8.622584442743908e-35), ((2496,), 8.622584442743917e-91), ((3287,), 8.622584442743914e-113), ((4717,), 8.622584442743913e-147), ((5399,), 8.622584442743925e-215), ((4626,), 8.622584442743924e-219), ((2053,), 0.0), ((2054,), 0.0), ((4102,), 0.0), ((4104,), 0.0), ((10,), 0.0), ((2063,), 0.0), ((4112,), 0.0), ((4113,), 0.0), ((2069,), 0.0), ((4124,), 0.0), ((2041,), 0.0), ((1057,), 0.0), ((1058,), 0.0), ((1059,), 0.0), ((5156,), 0.0), ((38,), 0.0), ((5162,), 0.0), ((2097,), 0.0), ((5173,), 0.0), ((4153,), 0.0), ((58,), 0.0), ((5181,), 0.0), ((2116,), 0.0), ((5191,), 0.0), ((1096,), 0.0), ((4171,), 0.0), ((1099,), 0.0), ((3151,), 0.0), ((4176,), 0.0), ((1107,), 0.0), ((2134,), 0.0), ((4184,), 0.0), ((1112,), 0.0), ((1113,), 0.0), ((1114,), 0.0), ((5213,), 0.0), ((2143,), 0.0), ((3168,), 0.0), ((97,), 0.0), ((99,), 0.0), ((3172,), 0.0), ((4203,), 0.0), ((5227,), 0.0), ((3181,), 0.0), ((110,), 0.0), ((112,), 0.0), ((5235,), 0.0), ((4214,), 0.0), ((4215,), 0.0), ((4219,), 0.0), ((5113,), 0.0), ((1150,), 0.0), ((4223,), 0.0), ((4224,), 0.0), ((3200,), 0.0), ((134,), 0.0), ((135,), 0.0), ((5260,), 0.0), ((4238,), 0.0), ((144,), 0.0), ((3217,), 0.0), ((4244,), 0.0), ((150,), 0.0), ((2198,), 0.0), ((2202,), 0.0), ((4250,), 0.0), ((3226,), 0.0), ((1181,), 0.0), ((4256,), 0.0), ((5281,), 0.0), ((2214,), 0.0), ((4264,), 0.0), ((1192,), 0.0), ((5289,), 0.0), ((3242,), 0.0), ((5291,), 0.0), ((173,), 0.0), ((1199,), 0.0), ((5295,), 0.0), ((5299,), 0.0), ((1204,), 0.0), ((4277,), 0.0), ((2230,), 0.0), ((4278,), 0.0), ((5300,), 0.0), ((2233,), 0.0), ((4284,), 0.0), ((4285,), 0.0), ((5315,), 0.0), ((3268,), 0.0), ((4293,), 0.0), ((3273,), 0.0), ((1227,), 0.0), ((5324,), 0.0), ((4301,), 0.0), ((4307,), 0.0), ((4308,), 0.0), ((3284,), 0.0), ((2263,), 0.0), ((5337,), 0.0), ((3290,), 0.0), ((1243,), 0.0), ((221,), 0.0), ((222,), 0.0), ((2271,), 0.0), ((2272,), 0.0), ((1248,), 0.0), ((3298,), 0.0), ((5351,), 0.0), ((1257,), 0.0), ((237,), 0.0), ((5359,), 0.0), ((245,), 0.0), ((4348,), 0.0), ((2305,), 0.0), ((4355,), 0.0), ((261,), 0.0), ((3333,), 0.0), ((5387,), 0.0), ((1294,), 0.0), ((272,), 0.0), ((3344,), 0.0), ((274,), 0.0), ((2323,), 0.0), ((2324,), 0.0), ((3348,), 0.0), ((5400,), 0.0), ((5405,), 0.0), ((2338,), 0.0), ((1317,), 0.0), ((3368,), 0.0), ((4393,), 0.0), ((2346,), 0.0), ((4394,), 0.0), ((3369,), 0.0), ((5419,), 0.0), ((4401,), 0.0), ((306,), 0.0), ((5425,), 0.0), ((2359,), 0.0), ((2360,), 0.0), ((313,), 0.0), ((5433,), 0.0), ((317,), 0.0), ((1347,), 0.0), ((2374,), 0.0), ((1350,), 0.0), ((3399,), 0.0), ((329,), 0.0), ((1352,), 0.0), ((3403,), 0.0), ((1356,), 0.0), ((2384,), 0.0), ((5458,), 0.0), ((2387,), 0.0), ((5459,), 0.0), ((1364,), 0.0), ((2393,), 0.0), ((350,), 0.0), ((1374,), 0.0), ((2400,), 0.0), ((2402,), 0.0), ((3426,), 0.0), ((2404,), 0.0), ((4458,), 0.0), ((364,), 0.0), ((5484,), 0.0), ((368,), 0.0), ((5488,), 0.0), ((370,), 0.0), ((2420,), 0.0), ((1398,), 0.0), ((4473,), 0.0), ((5498,), 0.0), ((1410,), 0.0), ((1411,), 0.0), ((1414,), 0.0), ((4487,), 0.0), ((5510,), 0.0), ((2441,), 0.0), ((394,), 0.0), ((401,), 0.0), ((4497,), 0.0), ((4499,), 0.0), ((404,), 0.0), ((2452,), 0.0), ((4502,), 0.0), ((2455,), 0.0), ((5528,), 0.0), ((1434,), 0.0), ((4508,), 0.0), ((3488,), 0.0), ((4515,), 0.0), ((420,), 0.0), ((5540,), 0.0), ((4518,), 0.0), ((5542,), 0.0), ((1448,), 0.0), ((1450,), 0.0), ((4524,), 0.0), ((4526,), 0.0), ((432,), 0.0), ((434,), 0.0), ((437,), 0.0), ((1464,), 0.0), ((5560,), 0.0), ((3515,), 0.0), ((5563,), 0.0), ((4547,), 0.0), ((5572,), 0.0), ((2502,), 0.0), ((5575,), 0.0), ((460,), 0.0), ((463,), 0.0), ((1490,), 0.0), ((1494,), 0.0), ((3543,), 0.0), ((2521,), 0.0), ((2522,), 0.0), ((1499,), 0.0), ((1500,), 0.0), ((3550,), 0.0), ((2529,), 0.0), ((1508,), 0.0), ((4582,), 0.0), ((2537,), 0.0), ((3563,), 0.0), ((493,), 0.0), ((2542,), 0.0), ((3566,), 0.0), ((3568,), 0.0), ((3572,), 0.0), ((1527,), 0.0), ((4602,), 0.0), ((4604,), 0.0), ((3582,), 0.0), ((4609,), 0.0), ((515,), 0.0), ((4623,), 0.0), ((2581,), 0.0), ((535,), 0.0), ((3608,), 0.0), ((4638,), 0.0), ((1567,), 0.0), ((2593,), 0.0), ((4641,), 0.0), ((547,), 0.0), ((1575,), 0.0), ((555,), 0.0), ((2603,), 0.0), ((557,), 0.0), ((4654,), 0.0), ((3630,), 0.0), ((1585,), 0.0), ((4658,), 0.0), ((566,), 0.0), ((4666,), 0.0), ((574,), 0.0), ((576,), 0.0), ((582,), 0.0), ((3656,), 0.0), ((1609,), 0.0), ((1610,), 0.0), ((4684,), 0.0), ((591,), 0.0), ((592,), 0.0), ((3664,), 0.0), ((594,), 0.0), ((4692,), 0.0), ((1622,), 0.0), ((3670,), 0.0), ((600,), 0.0), ((1625,), 0.0), ((602,), 0.0), ((3677,), 0.0), ((1631,), 0.0), ((1632,), 0.0), ((2661,), 0.0), ((1637,), 0.0), ((4714,), 0.0), ((1644,), 0.0), ((622,), 0.0), ((2673,), 0.0), ((4722,), 0.0), ((3698,), 0.0), ((1654,), 0.0), ((3707,), 0.0), ((1661,), 0.0), ((3711,), 0.0), ((1665,), 0.0), ((643,), 0.0), ((4741,), 0.0), ((648,), 0.0), ((650,), 0.0), ((2703,), 0.0), ((4761,), 0.0), ((4768,), 0.0), ((2721,), 0.0), ((4772,), 0.0), ((4774,), 0.0), ((1704,), 0.0), ((1713,), 0.0), ((3763,), 0.0), ((4788,), 0.0), ((1721,), 0.0), ((2746,), 0.0), ((699,), 0.0), ((4798,), 0.0), ((1729,), 0.0), ((712,), 0.0), ((714,), 0.0), ((3793,), 0.0), ((3797,), 0.0), ((728,), 0.0), ((2777,), 0.0), ((2782,), 0.0), ((3807,), 0.0), ((738,), 0.0), ((1762,), 0.0), ((741,), 0.0), ((4837,), 0.0), ((1765,), 0.0), ((3815,), 0.0), ((1770,), 0.0), ((747,), 0.0), ((3818,), 0.0), ((4847,), 0.0), ((1780,), 0.0), ((3833,), 0.0), ((1786,), 0.0), ((4859,), 0.0), ((765,), 0.0), ((4861,), 0.0), ((769,), 0.0), ((4876,), 0.0), ((1805,), 0.0), ((1806,), 0.0), ((3860,), 0.0), ((3862,), 0.0), ((4887,), 0.0), ((794,), 0.0), ((796,), 0.0), ((1820,), 0.0), ((2846,), 0.0), ((2847,), 0.0), ((2848,), 0.0), ((801,), 0.0), ((1821,), 0.0), ((1825,), 0.0), ((2854,), 0.0), ((4903,), 0.0), ((3888,), 0.0), ((4913,), 0.0), ((1842,), 0.0), ((1844,), 0.0), ((827,), 0.0), ((2879,), 0.0), ((835,), 0.0), ((837,), 0.0), ((839,), 0.0), ((1871,), 0.0), ((3921,), 0.0), ((3923,), 0.0), ((4954,), 0.0), ((3930,), 0.0), ((1884,), 0.0), ((4957,), 0.0), ((4960,), 0.0), ((871,), 0.0), ((3943,), 0.0), ((1898,), 0.0), ((1901,), 0.0), ((4974,), 0.0), ((3949,), 0.0), ((3950,), 0.0), ((4979,), 0.0), ((2933,), 0.0), ((893,), 0.0), ((896,), 0.0), ((1923,), 0.0), ((2948,), 0.0), ((901,), 0.0), ((2954,), 0.0), ((5003,), 0.0), ((910,), 0.0), ((5006,), 0.0), ((3988,), 0.0), ((2966,), 0.0), ((5019,), 0.0), ((2973,), 0.0), ((4003,), 0.0), ((932,), 0.0), ((4006,), 0.0), ((2985,), 0.0), ((4009,), 0.0), ((4015,), 0.0), ((944,), 0.0), ((2997,), 0.0), ((950,), 0.0), ((5051,), 0.0), ((4029,), 0.0), ((958,), 0.0), ((3011,), 0.0), ((1987,), 0.0), ((5062,), 0.0), ((967,), 0.0), ((4040,), 0.0), ((5066,), 0.0), ((5070,), 0.0), ((2000,), 0.0), ((4050,), 0.0), ((983,), 0.0), ((4056,), 0.0), ((4057,), 0.0), ((988,), 0.0), ((5085,), 0.0), ((2012,), 0.0), ((4060,), 0.0), ((2016,), 0.0), ((4066,), 0.0), ((3044,), 0.0), ((5097,), 0.0), ((2025,), 0.0), ((5104,), 0.0), ((5105,), 0.0), ((4086,), 0.0), ((5112,), 0.0), ((1017,), 0.0), ((4090,), 0.0), ((4091,), 0.0)]"
12,5345,895,10,0.0,0.0,6,0.04009127616882324,"[((1030,), 1.0), ((32,), 0.0), ((4064,), 0.0), ((1994,), 0.0), ((4235,), 0.0), ((1298,), 0.0), ((2324,), 0.0), ((279,), 0.0), ((3228,), 0.0), ((1567,), 0.0)]"
13,5311,924,43,0.2273029966710143,0.07576766555700477,43,0.023916006088256836,"[((3788,), 0.38357380688233683), ((5190,), 0.2273029966710143), ((374,), 0.2273029966710143), ((3251,), 0.16182019977563433), ((2773,), 1.5189522752540545e-16), ((712,), 1.5189522752540542e-16), ((328,), 1.5189522752540541e-18), ((5276,), 1.5189522752540543e-20), ((4164,), 1.5189522752540543e-20), ((5266,), 1.5189522752540542e-22), ((2835,), 1.5189522752540542e-22), ((1946,), 1.5189522752540542e-22), ((4671,), 1.5189522752540542e-22), ((2752,), 1.5189522752540542e-22), ((5090,), 1.5189522752540542e-22), ((4069,), 1.5189522752540542e-22), ((4995,), 1.5189522752540543e-24), ((3213,), 1.5189522752540543e-24), ((1807,), 1.5189522752540543e-24), ((3134,), 1.5189522752540543e-24), ((4161,), 1.5189522752540543e-24), ((94,), 1.5189522752540543e-24), ((4403,), 1.5189522752540543e-26), ((2314,), 1.5189522752540544e-28), ((4875,), 1.5189522752540544e-28), ((2830,), 1.5189522752540544e-28), ((2072,), 1.5189522752540544e-28), ((4793,), 1.5189522752540544e-28), ((611,), 1.5189522752540544e-28), ((3802,), 1.5189522752540546e-30), ((3551,), 1.5189522752540546e-30), ((3240,), 1.5189522752540543e-34), ((2159,), 1.5189522752540543e-34), ((372,), 1.5189522752540543e-34), ((3543,), 1.5189522752540547e-36), ((3876,), 1.5189522752540545e-38), ((551,), 1.5189522752540545e-38), ((3659,), 1.5189522752540545e-38), ((4095,), 1.5189522752540545e-38), ((1023,), 1.518952275254057e-190), ((2315,), 0.0), ((1560,), 0.0), ((490,), 0.0)]"
14,5077,517,12,0.12454954968817492,0.12454954968817492,3,0.012863874435424805,"[((4340,), 0.4981979369641934), ((2774,), 0.1245495496881749), ((4376,), 0.1245495496881749), ((4611,), 0.07380714055595548), ((4071,), 0.07380714055595548), ((272,), 0.05254434127377288), ((1367,), 0.05254434127377288), ((4157,), 4.932162167651736e-139), ((4593,), 4.932162167651736e-159), ((1561,), 4.932162167651736e-159), ((3971,), 0.0), ((1483,), 0.0)]"
15,6538,1075,67,0.6279069767441862,0.3139534883720931,67,0.18893909454345703,"[((1891,), 0.627906976744186), ((1179,), 0.37209302325581384), ((772,), 2.486511627906979e-52), ((1426,), 2.486511627906979e-52), ((5034,), 2.486511627906979e-52), ((2514,), 2.486511627906979e-52), ((5596,), 2.486511627906979e-52), ((1576,), 2.486511627906979e-54), ((2162,), 2.486511627906979e-54), ((5580,), 2.486511627906979e-54), ((4579,), 2.486511627906979e-54), ((3930,), 2.4865116279069786e-90), ((6117,), 2.4865116279069804e-134), ((4550,), 2.4865116279069805e-154), ((4078,), 2.4865116279069805e-154), ((1152,), 2.4865116279069815e-200), ((1345,), 2.4865116279069827e-250), ((1493,), 2.486511627906984e-276), ((1553,), 2.4865116279069843e-278), ((218,), 2.486511627907014e-280), ((2892,), 2.4865116279053217e-282), ((2009,), 2.4865116279053217e-282), ((1023,), 2.4865116853662503e-286), ((2604,), 2.538774473549665e-292), ((6486,), 2.538774473549665e-292), ((514,), 0.0), ((1283,), 0.0), ((533,), 0.0), ((2076,), 0.0), ((4892,), 0.0), ((3358,), 0.0), ((4647,), 0.0), ((2355,), 0.0), ((6196,), 0.0), ((5432,), 0.0), ((3130,), 0.0), ((6216,), 0.0), ((2895,), 0.0), ((5215,), 0.0), ((4197,), 0.0), ((4971,), 0.0), ((1901,), 0.0), ((4462,), 0.0), ((5746,), 0.0), ((2947,), 0.0), ((4742,), 0.0), ((2440,), 0.0), ((5261,), 0.0), ((2964,), 0.0), ((2197,), 0.0), ((5015,), 0.0), ((2977,), 0.0), ((4517,), 0.0), ((4269,), 0.0), ((3505,), 0.0), ((5045,), 0.0), ((3516,), 0.0), ((3772,), 0.0), ((2760,), 0.0), ((1742,), 0.0), ((1746,), 0.0), ((2262,), 0.0), ((477,), 0.0), ((1759,), 0.0), ((480,), 0.0), ((5091,), 0.0), ((3047,), 0.0)]"
16,6403,1058,65,1.0,1.0,1,0.18715715408325195,"[((1849,), 1.0), ((4925,), 3.960000000000003e-48), ((5472,), 3.960000000000003e-48), ((1395,), 3.960000000000003e-48), ((2456,), 3.960000000000003e-48), ((751,), 3.960000000000003e-48), ((1541,), 3.9600000000000028e-50), ((2116,), 3.9600000000000028e-50), ((5457,), 3.9600000000000028e-50), ((4479,), 3.9600000000000028e-50), ((3838,), 3.960000000000003e-90), ((5987,), 3.960000000000005e-130), ((4450,), 3.960000000000005e-144), ((3982,), 3.960000000000005e-144), ((1128,), 3.960000000000007e-198), ((1460,), 3.9600000000000116e-276), ((1519,), 3.960000000000012e-278), ((214,), 3.9600000000000067e-280), ((2827,), 3.959999999998098e-282), ((1966,), 3.959999999998098e-282), ((1000,), 3.9600000395067185e-286), ((6351,), 3.990769741774439e-292), ((2546,), 3.990769741774439e-292), ((4098,), 0.0), ((519,), 0.0), ((4361,), 0.0), ((2830,), 0.0), ((5148,), 0.0), ((4640,), 0.0), ((4906,), 0.0), ((4416,), 0.0), ((2882,), 0.0), ((1859,), 0.0), ((4936,), 0.0), ((4170,), 0.0), ((2384,), 0.0), ((2899,), 0.0), ((2911,), 0.0), ((2148,), 0.0), ((3686,), 0.0), ((3438,), 0.0), ((4981,), 0.0), ((2697,), 0.0), ((1173,), 0.0), ((2978,), 0.0), ((2211,), 0.0), ((1705,), 0.0), ((1709,), 0.0), ((4783,), 0.0), ((6064,), 0.0), ((1721,), 0.0), ((5313,), 0.0), ((4547,), 0.0), ((6084,), 0.0), ((465,), 0.0), ((3282,), 0.0), ((468,), 0.0), ((1255,), 0.0), ((2033,), 0.0), ((3059,), 0.0), ((5106,), 0.0), ((501,), 0.0), ((5621,), 0.0), ((4862,), 0.0), ((2303,), 0.0)]"
17,82,3,25,0.1714285585598978,0.057142852853299266,11,0.017734766006469727,"[((2,), 0.05714285285329929), ((68,), 0.05714285285329929), ((72,), 0.05714285285329929), ((81,), 0.05714285285329929), ((18,), 0.05714285285329929), ((22,), 0.05714285285329929), ((23,), 0.05714285285329929), ((30,), 0.05714285285329929), ((32,), 0.05714285285329929), ((40,), 0.05714285285329929), ((47,), 0.05714285285329929), ((49,), 0.05714285285329929), ((50,), 0.05714285285329929), ((61,), 0.05714285285329929), ((63,), 0.05714285285329929), ((0,), 0.014285720720051057), ((1,), 0.014285720720051057), ((74,), 0.014285720720051057), ((11,), 0.014285720720051057), ((12,), 0.014285720720051057), ((14,), 0.014285720720051057), ((19,), 0.014285720720051057), ((26,), 0.014285720720051057), ((35,), 0.014285720720051057), ((59,), 0.014285720720051057)]"
18,1134,157,43,0.2584313876487978,0.0861437958829326,43,0.01834702491760254,"[((921,), 0.20382336233141016), ((437,), 0.20382336233141016), ((967,), 0.20382336233141016), ((115,), 0.20382336233141016), ((1058,), 0.054608025317387635), ((255,), 0.054608025317387635), ((939,), 0.05460802531738761), ((181,), 0.020882450821817024), ((81,), 2.3900379468429278e-08), ((315,), 2.390037946842929e-20), ((982,), 2.390037946842929e-20), ((740,), 2.390037946842929e-22), ((511,), 2.390037946842929e-24), ((605,), 2.3900379468429293e-26), ((406,), 2.3900379468429293e-30), ((566,), 2.3900379468429293e-30), ((78,), 2.3900379468429293e-30), ((218,), 2.3900379468429293e-30), ((221,), 2.3900379468429293e-30), ((1015,), 2.3900379468429293e-30), ((830,), 2.390037946842929e-32), ((458,), 2.390037946842929e-32), ((866,), 2.390037946842929e-32), ((538,), 2.390037946842929e-34), ((224,), 2.3900379468429286e-36), ((516,), 2.390037946842929e-40), ((876,), 2.390037946842929e-40), ((506,), 2.390037946842929e-40), ((1110,), 2.390037946842929e-42), ((391,), 2.3900379468429293e-50), ((867,), 2.3900379468429293e-50), ((494,), 2.3900379468429303e-54), ((166,), 2.39003794684293e-56), ((789,), 2.3900379468429302e-64), ((985,), 2.3900379468429304e-76), ((1002,), 2.3900379468429304e-76), ((357,), 2.390037946842931e-84), ((778,), 2.390037946842932e-112), ((18,), 2.3900379468429328e-126), ((832,), 2.3900379468429327e-132), ((353,), 2.3900379468429325e-136), ((855,), 2.390037946842932e-138), ((49,), 2.390037946842933e-140)]"
19,457,25,13,0.12178876308160166,0.12178876308160166,6,0.01067805290222168,"[((227,), 0.12178876308160166), ((164,), 0.12178876308160166), ((68,), 0.12178876308160166), ((291,), 0.12178876308160166), ((452,), 0.12178876308160166), ((364,), 0.12178876308160166), ((154,), 0.12178876308160166), ((190,), 0.12178876308160166), ((396,), 0.012844947661776178), ((428,), 0.012844947661776178), ((194,), 1.1817187433504099e-11), ((20,), 1.1817187433504099e-11), ((318,), 1.18171874335041e-35)]"
